country,region,happiness_score,gdp_per_capita,social_support,healthy_life_expectancy,freedom_to_make_life_choices,generosity,perceptions_of_corruption,cluster,hierarchical_cluster,PC1,PC2
Finland,Western Europe,7.741,1.844,1.572,0.695,0.859,0.142,0.546,2,2,3.380912748413366,0.8486891137268912
Denmark,Western Europe,7.583,1.908,1.52,0.699,0.823,0.204,0.548,2,2,3.3740067166211984,1.4439122399068456
Iceland,Western Europe,7.525,1.881,1.617,0.718,0.819,0.258,0.182,2,1,2.6035524916326076,1.0640943556639866
Sweden,Western Europe,7.344,1.878,1.501,0.724,0.838,0.221,0.524,2,2,3.372563048040212,1.6019676793789788
Israel,Middle East and North Africa,7.341,1.803,1.513,0.74,0.641,0.153,0.193,0,1,1.9382875285930308,-0.45463944565170444
Netherlands,Western Europe,7.319,1.901,1.462,0.706,0.725,0.247,0.372,2,2,2.6366654273817978,1.2656303032022858
Norway,Western Europe,7.302,1.952,1.517,0.704,0.835,0.224,0.484,2,2,3.316474676415759,1.5064905609916701
Luxembourg,Western Europe,7.122,2.141,1.355,0.708,0.801,0.146,0.432,2,2,3.041268785447977,0.38326764022182297
Switzerland,Western Europe,7.06,1.97,1.425,0.747,0.759,0.173,0.498,2,2,3.1550386543165825,0.7613265605709393
Australia,North America and ANZ,7.057,1.854,1.461,0.692,0.756,0.225,0.323,2,2,2.450103912412795,1.0151851726528698
New Zealand,North America and ANZ,7.029,1.81,1.527,0.673,0.746,0.226,0.48,2,2,2.830817882107534,1.4174006023103471
Costa Rica,Latin America and Caribbean,6.955,1.561,1.373,0.661,0.797,0.109,0.123,0,1,1.292254959264967,-0.4493502283009806
Kuwait,,6.951,1.845,1.364,0.661,0.827,0.2,0.172,0,1,1.9286424530773196,0.6149452452129941
Austria,Western Europe,6.905,1.885,1.336,0.696,0.703,0.214,0.305,2,2,2.131974648780774,0.7516768369449435
Canada,North America and ANZ,6.9,1.84,1.459,0.701,0.73,0.23,0.368,2,2,2.522689704686363,1.1183710797841995
Belgium,Western Europe,6.894,1.868,1.44,0.69,0.729,0.17,0.311,2,2,2.286457669468854,0.3080841751613267
Ireland,Western Europe,6.838,2.129,1.39,0.7,0.758,0.205,0.418,2,2,2.967177274778653,0.9064116226143294
Czechia,Central and Eastern Europe,6.822,1.783,1.511,0.638,0.787,0.177,0.068,0,1,1.604558512876257,-0.002138273647490733
Lithuania,Central and Eastern Europe,6.818,1.766,1.454,0.598,0.533,0.044,0.116,0,1,0.7869699820125458,-1.897395481607619
United Kingdom,Western Europe,6.749,1.822,1.326,0.672,0.713,0.267,0.351,2,2,2.150678358374553,1.5554643903664749
Slovenia,Central and Eastern Europe,6.743,1.786,1.502,0.695,0.789,0.157,0.131,0,1,1.9354713263002117,-0.13515567839921697
United Arab Emirates,Middle East and North Africa,6.733,1.983,1.164,0.563,0.815,0.209,0.258,2,1,1.6974795108928158,1.0452657634913705
United States,North America and ANZ,6.725,1.939,1.392,0.542,0.586,0.223,0.169,0,1,1.159126124162413,0.3754377306198613
Germany,Western Europe,6.719,1.871,1.39,0.702,0.7,0.174,0.368,2,2,2.3422337093384646,0.43104524292545104
Mexico,Latin America and Caribbean,6.678,1.521,1.241,0.544,0.722,0.086,0.127,0,1,0.47692896627925074,-0.6442697219254858
Uruguay,Latin America and Caribbean,6.611,1.596,1.431,0.592,0.775,0.106,0.22,0,1,1.4089959722683436,-0.2458273898374133
France,Western Europe,6.609,1.818,1.348,0.727,0.65,0.112,0.281,2,1,1.8860757575135163,-0.5886235367557748
Saudi Arabia,Middle East and North Africa,6.594,1.842,1.361,0.511,0.787,0.114,0.188,0,1,1.3088359688451547,-0.20445347479618628
Kosovo,Central and Eastern Europe,6.561,1.364,1.277,0.599,0.739,0.254,0.073,0,1,0.5482238225690796,1.1394902983905566
Singapore,Southeast Asia,6.523,2.118,1.361,0.769,0.743,0.168,0.575,2,2,3.4861748973976767,0.7793734248135523
Taiwan Province of China,East Asia,6.503,1.842,1.346,0.65,0.649,0.068,0.202,0,1,1.4118533742972819,-1.1937600903191108
Romania,Central and Eastern Europe,6.491,1.699,1.236,0.583,0.717,0.041,0.006,0,1,0.45061821792462325,-1.610976983052884
El Salvador,Latin America and Caribbean,6.469,1.265,1.08,0.549,0.816,0.083,0.253,0,1,0.47057775678029884,0.07051972351068876
Estonia,Central and Eastern Europe,6.448,1.752,1.527,0.657,0.805,0.166,0.401,2,2,2.5762590486882053,0.7416857363214974
Poland,Central and Eastern Europe,6.442,1.738,1.417,0.639,0.6,0.081,0.175,0,1,1.1740107399420932,-1.1948494438557133
Spain,Western Europe,6.421,1.766,1.471,0.729,0.619,0.119,0.177,0,1,1.6667638376574527,-0.8756958603578817
Serbia,Central and Eastern Europe,6.411,1.538,1.391,0.585,0.663,0.2,0.101,0,1,0.7527499792092086,0.29495758351153833
Chile,Latin America and Caribbean,6.36,1.616,1.369,0.673,0.651,0.117,0.075,0,1,0.9347124688558209,-0.8773668113357589
Panama,Latin America and Caribbean,6.358,1.702,1.392,0.633,0.72,0.063,0.043,0,1,0.9790642552007586,-1.4003933751521949
Malta,Western Europe,6.346,1.827,1.444,0.707,0.727,0.25,0.125,0,1,1.8607455631083458,0.7289150308134708
Italy,Western Europe,6.324,1.8,1.328,0.72,0.513,0.112,0.074,0,1,0.935057177148236,-1.4131484479260683
Guatemala,Latin America and Caribbean,6.287,1.26,1.169,0.467,0.735,0.105,0.078,0,1,-0.305098008553961,-0.2484175897750659
Nicaragua,Latin America and Caribbean,6.284,1.097,1.263,0.542,0.793,0.133,0.251,0,1,0.49296732467742516,0.5896915331127563
Brazil,Latin America and Caribbean,6.272,1.43,1.269,0.548,0.685,0.13,0.142,0,1,0.407118100454187,-0.17122773021938872
Slovakia,Central and Eastern Europe,6.257,1.706,1.54,0.638,0.566,0.096,0.058,0,1,0.9361042733082322,-1.4392715541551764
Latvia,Central and Eastern Europe,6.234,1.7,1.508,0.564,0.666,0.127,0.078,0,1,0.9539001634724991,-0.6855035388381628
Uzbekistan,Commonwealth of Independent States,6.195,1.212,1.394,0.539,0.835,0.251,0.215,0,1,0.9365062466449307,1.8054034655480053
Argentina,Latin America and Caribbean,6.188,1.562,1.381,0.585,0.681,0.087,0.08,0,1,0.6548704419255817,-0.9885253511233949
Kazakhstan,Commonwealth of Independent States,6.188,1.622,1.457,0.556,0.733,0.149,0.12,0,1,1.0373219841809591,-0.09596593147530477
Cyprus,Western Europe,6.068,1.794,1.217,0.744,0.529,0.124,0.049,0,1,0.8169805030571733,-1.2823123440074875
Japan,East Asia,6.06,1.786,1.354,0.785,0.632,0.023,0.219,0,1,1.7548001473212105,-1.8463589035644659
South Korea,East Asia,6.058,1.815,1.178,0.77,0.555,0.126,0.158,0,1,1.2240252277330277,-0.950945399568683
Philippines,Southeast Asia,6.048,1.232,1.146,0.441,0.826,0.099,0.136,0,1,-0.09829084690238352,0.10990412805193975
Vietnam,Southeast Asia,6.043,1.331,1.267,0.539,0.843,0.094,0.16,0,1,0.6309196372462625,-0.08066406475296332
Portugal,Western Europe,6.03,1.728,1.368,0.699,0.757,0.047,0.035,0,1,1.2405818603621386,-1.6005863394704996
Hungary,Central and Eastern Europe,6.017,1.722,1.528,0.596,0.581,0.123,0.067,0,1,0.8855074206789183,-1.026234057111258
Paraguay,Latin America and Caribbean,5.977,1.398,1.408,0.549,0.788,0.131,0.065,0,1,0.6139997651070154,-0.15035921704075128
Thailand,Southeast Asia,5.976,1.484,1.347,0.62,0.756,0.283,0.024,0,1,0.811887189734693,1.258071979756045
Malaysia,Southeast Asia,5.975,1.646,1.143,0.54,0.829,0.226,0.119,0,1,0.8280681599348715,1.1423852165900632
China,East Asia,5.973,1.497,1.239,0.629,0.704,0.132,0.164,0,1,0.8157524525475084,-0.17716579964814264
Honduras,Latin America and Caribbean,5.968,1.091,1.035,0.502,0.72,0.175,0.081,0,0,-0.58011038912817,0.6120090242527663
Bahrain,,5.959,1.433,1.239,0.55,0.641,0.1365,0.1205,0,1,0.21746981815310334,-0.24991152556026497
Croatia,Central and Eastern Europe,5.942,1.71,1.445,0.637,0.469,0.064,0.043,0,1,0.4994800331775254,-2.028685892094439
Greece,Western Europe,5.934,1.684,1.276,0.696,0.337,0.018,0.093,0,0,0.18638061221707541,-2.7255565883851904
Bosnia and Herzegovina,Central and Eastern Europe,5.877,1.465,1.318,0.587,0.621,0.246,0.0,0,1,0.2250898011524626,0.5235992939313315
Libya,,5.866,1.526,1.1,0.55,0.592,0.111,0.204,0,1,0.21462620187470005,-0.4328261597697316
Jamaica,Latin America and Caribbean,5.842,1.28,1.324,0.567,0.647,0.089,0.028,0,1,-0.0730584454304244,-0.9768705563227167
Peru,Latin America and Caribbean,5.841,1.371,1.18,0.662,0.615,0.078,0.029,0,1,0.05228922775738149,-1.285621485764319
Dominican Republic,Latin America and Caribbean,5.823,1.517,1.272,0.511,0.73,0.086,0.196,0,1,0.6158656353389232,-0.4193197397149415
Mauritius,Sub-Saharan Africa,5.816,1.57,1.358,0.49,0.641,0.123,0.118,0,1,0.3633313682644993,-0.4557114544266562
Moldova,Central and Eastern Europe,5.816,1.385,1.277,0.542,0.695,0.077,0.044,0,1,0.05504130074489214,-0.9585493911389472
Russia,Central and Eastern Europe,5.785,1.642,1.351,0.531,0.551,0.138,0.121,0,1,0.39059962264606585,-0.5876172841033476
Bolivia,Latin America and Caribbean,5.784,1.217,1.179,0.488,0.719,0.1,0.061,0,1,-0.3650232862185667,-0.3944769263095106
Ecuador,Latin America and Caribbean,5.725,1.315,1.151,0.64,0.606,0.087,0.078,0,1,-0.017189900317670932,-1.010970453353736
Kyrgyzstan,Commonwealth of Independent States,5.714,1.054,1.477,0.588,0.834,0.225,0.03,0,1,0.49434012433958147,1.0309012441796641
Montenegro,Central and Eastern Europe,5.707,1.571,1.318,0.587,0.632,0.11,0.132,0,1,0.6230371503063596,-0.6980971059990052
Mongolia,East Asia,5.696,1.353,1.511,0.4,0.501,0.237,0.055,0,1,-0.37198968061380655,0.4928136665205736
Colombia,Latin America and Caribbean,5.695,1.437,1.241,0.648,0.644,0.072,0.059,0,1,0.32810510202115956,-1.2516703935616798
Venezuela,Latin America and Caribbean,5.607,1.433,1.321,0.491,0.518,0.192,0.086,0,1,-0.17906355929338677,0.028822853609198056
Indonesia,Southeast Asia,5.568,1.361,1.184,0.472,0.779,0.399,0.055,0,1,0.16422338480099005,3.024151412637146
Bulgaria,Central and Eastern Europe,5.463,1.629,1.469,0.567,0.62,0.083,0.006,0,1,0.47312673781591535,-1.4187762984132477
Armenia,Central and Eastern Europe,5.455,1.444,1.154,0.603,0.65,0.051,0.173,0,1,0.3608446182859623,-1.091500706060745
South Africa,Sub-Saharan Africa,5.422,1.389,1.369,0.322,0.537,0.078,0.034,0,0,-0.9059070635849646,-1.1080723353982433
North Macedonia,Central and Eastern Europe,5.369,1.475,1.277,0.569,0.58,0.194,0.015,0,1,0.016591758463867252,-0.08370207602779138
Algeria,Middle East and North Africa,5.364,1.324,1.191,0.568,0.247,0.091,0.2,0,0,-0.6825390796087363,-1.4543162493905208
Hong Kong S.A.R. of China,East Asia,5.316,1.909,1.184,0.857,0.485,0.147,0.402,2,2,2.147279050731741,-0.4385292483773108
Albania,Central and Eastern Europe,5.304,1.438,0.924,0.638,0.69,0.138,0.049,0,1,-0.046375180428028386,-0.2740154265446196
Tajikistan,Commonwealth of Independent States,5.281,1.433,1.239,0.55,0.641,0.1365,0.1205,0,1,0.21746981815310334,-0.24991152556026497
Congo (Brazzaville),Sub-Saharan Africa,5.221,0.892,0.622,0.306,0.523,0.124,0.138,1,0,-2.4509211064606173,0.2566964734361472
Mozambique,Sub-Saharan Africa,5.216,0.56,0.883,0.156,0.728,0.158,0.196,1,0,-2.3080143584291175,1.54142770596076
Georgia,Central and Eastern Europe,5.185,1.467,0.99,0.524,0.68,0.0,0.174,0,1,-0.08655259087522185,-1.4239267978845074
Iraq,Middle East and North Africa,5.166,1.249,0.996,0.498,0.425,0.141,0.048,1,1,-1.2524669885446569,-0.6281927512938454
Nepal,South Asia,5.158,0.965,0.99,0.443,0.653,0.209,0.115,1,0,-1.0378458627131237,1.0824965855721276
Laos,Southeast Asia,5.139,1.208,0.846,0.423,0.796,0.17,0.167,1,0,-0.5677612361106348,1.0797926999680232
Gabon,Sub-Saharan Africa,5.106,1.403,1.038,0.344,0.516,0.045,0.1,1,0,-1.2202253013065083,-1.2524901092751435
Ivory Coast,Sub-Saharan Africa,5.08,1.08,0.578,0.288,0.547,0.12,0.164,1,0,-2.209853727085153,0.2760860323400964
Guinea,Sub-Saharan Africa,5.023,0.831,0.622,0.236,0.521,0.21,0.107,1,0,-2.7689419622438227,1.2620449874458766
Turkiye,Middle East and North Africa,4.975,1.702,1.175,0.631,0.202,0.068,0.115,0,0,-0.36539012940507914,-2.3162129921856645
Senegal,Sub-Saharan Africa,4.969,0.927,0.751,0.392,0.607,0.152,0.069,1,0,-1.8961271820994932,0.41042664079090047
Iran,Middle East and North Africa,4.923,1.435,1.136,0.571,0.366,0.235,0.123,0,1,-0.4153418476235687,0.21178667596684328
Azerbaijan,,4.893,1.433,0.876,0.496,0.668,0.112,0.199,0,1,-0.2568874543745791,-0.030077402500272018
Nigeria,Sub-Saharan Africa,4.881,1.042,1.075,0.256,0.566,0.201,0.019,1,0,-1.8813277734818072,0.7071341509398726
State of Palestine,Middle East and North Africa,4.879,1.433,1.239,0.55,0.641,0.1365,0.1205,0,1,0.21746981815310334,-0.24991152556026497
Cameroon,Sub-Saharan Africa,4.874,0.943,0.856,0.288,0.521,0.126,0.06,1,0,-2.2996904421916535,-0.02964572035790864
Ukraine,Central and Eastern Europe,4.873,1.35,1.315,0.513,0.631,0.285,0.025,0,1,-0.04360650112821423,1.208631483766023
Namibia,Sub-Saharan Africa,4.832,1.266,1.212,0.307,0.47,0.069,0.061,1,0,-1.4441113109926842,-1.146729454655258
Morocco,Middle East and North Africa,4.795,1.213,0.471,0.495,0.631,0.042,0.082,1,1,-1.622886824219574,-0.8980757413187143
Pakistan,South Asia,4.657,1.069,0.6,0.321,0.542,0.144,0.074,1,0,-2.3160089150217487,0.25902203055651823
Niger,Sub-Saharan Africa,4.556,0.573,0.677,0.293,0.615,0.145,0.147,1,0,-2.566721886382107,0.903312616000479
Burkina Faso,Sub-Saharan Africa,4.548,0.756,0.685,0.274,0.483,0.173,0.179,1,0,-2.575289950576204,0.9003062481089747
Mauritania,Sub-Saharan Africa,4.505,1.078,0.705,0.4,0.343,0.133,0.198,1,0,-2.0291357640968526,-0.1877577811528911
Gambia,Sub-Saharan Africa,4.485,0.75,0.684,0.33,0.459,0.324,0.048,1,0,-2.6780606600665275,2.1335064614021766
Chad,Sub-Saharan Africa,4.471,0.603,0.805,0.199,0.411,0.218,0.113,1,0,-3.1395471226100837,1.1928988729131145
Kenya,Sub-Saharan Africa,4.47,1.037,0.895,0.353,0.519,0.282,0.069,1,0,-1.751310161355,1.5813557797242577
Tunisia,Middle East and North Africa,4.422,1.306,0.955,0.579,0.254,0.024,0.018,1,0,-1.5600867174744089,-2.546499547318877
Benin,Sub-Saharan Africa,4.377,0.914,0.128,0.284,0.567,0.112,0.252,1,0,-2.8463303324617693,0.7508281781929637
Uganda,Sub-Saharan Africa,4.372,0.772,1.151,0.373,0.587,0.178,0.054,1,0,-1.614985311710399,0.5481949015588404
Myanmar,Southeast Asia,4.354,0.978,0.988,0.436,0.45,0.401,0.174,1,0,-1.1920347642472304,2.8937143337628837
Cambodia,Southeast Asia,4.341,1.011,1.019,0.442,0.863,0.17,0.071,0,0,-0.6008283038233783,1.0058064704954202
Ghana,Sub-Saharan Africa,4.289,1.077,0.747,0.36,0.623,0.183,0.028,1,0,-1.8566231753961764,0.6551140432941944
Liberia,Sub-Saharan Africa,4.269,0.619,0.673,0.301,0.546,0.178,0.075,1,0,-2.8120782965977282,0.8910204952591853
Mali,Sub-Saharan Africa,4.232,0.747,0.688,0.267,0.586,0.12,0.09,1,0,-2.6508045785728673,0.34428018102072117
Madagascar,Sub-Saharan Africa,4.228,0.628,0.823,0.333,0.25,0.172,0.123,1,0,-3.0343992131545137,0.1163274903616126
Togo,Sub-Saharan Africa,4.214,0.758,0.586,0.32,0.453,0.127,0.156,1,0,-2.7462573659610707,0.23695863264522707
Jordan,Middle East and North Africa,4.186,1.262,0.983,0.594,0.593,0.059,0.189,0,1,-0.2470977979462603,-0.9128981646993594
India,South Asia,4.054,1.166,0.653,0.417,0.767,0.174,0.122,1,0,-1.1197662080020656,1.0571698746400073
Egypt,Middle East and North Africa,3.977,1.37,0.996,0.488,0.49,0.025,0.259,0,1,-0.5120523984335634,-1.2915092946048226
Sri Lanka,South Asia,3.898,1.361,1.179,0.586,0.583,0.144,0.031,0,1,-0.21931379640475657,-0.5130650538795343
Bangladesh,South Asia,3.886,1.122,0.249,0.513,0.775,0.14,0.167,1,0,-1.370499352549232,0.8853347050681869
Ethiopia,Sub-Saharan Africa,3.861,0.792,0.915,0.42,0.441,0.27,0.101,1,0,-1.928313980778089,1.3756468181538393
Tanzania,Sub-Saharan Africa,3.781,0.82,0.706,0.38,0.709,0.191,0.257,1,0,-1.3658334297851973,1.6610061335244461
Comoros,Sub-Saharan Africa,3.566,0.896,0.328,0.37,0.172,0.128,0.16,1,0,-3.4398622801260688,-0.4476202955663212
Yemen,,3.561,0.671,1.281,0.293,0.362,0.08,0.113,1,0,-2.259124019232495,-0.841633669895248
Zambia,Sub-Saharan Africa,3.502,0.899,0.809,0.264,0.727,0.168,0.109,1,0,-1.8578744720981872,1.1380890044692606
Eswatini,,3.502,1.255,0.925,0.176,0.284,0.059,0.116,1,0,-2.612713540078342,-1.2647701122638402
Malawi,Sub-Saharan Africa,3.421,0.617,0.41,0.349,0.571,0.135,0.136,1,0,-2.8748020188596937,0.6776938105237099
Botswana,Sub-Saharan Africa,3.383,1.445,0.969,0.241,0.567,0.014,0.082,1,0,-1.5608180063739845,-1.3788257301038565
Zimbabwe,Sub-Saharan Africa,3.341,0.748,0.85,0.232,0.487,0.096,0.131,1,0,-2.6581576369299476,-0.08653795974682832
Congo (Kinshasa),Sub-Saharan Africa,3.295,0.534,0.665,0.262,0.473,0.189,0.072,1,0,-3.229143426682004,0.9313183939747247
Sierra Leone,Sub-Saharan Africa,3.245,0.654,0.566,0.253,0.469,0.181,0.053,1,0,-3.3202875422400835,0.7744182925401462
Lesotho,,3.186,0.771,0.851,0.55,0.523,0.082,0.085,1,1,-1.6493888370647192,-0.702938097830372
Lebanon,Middle East and North Africa,2.707,1.377,0.577,0.556,0.173,0.068,0.029,1,0,-2.237105241209619,-2.0632812732129655
Afghanistan,South Asia,1.721,0.628,1.239,0.242,0.641,0.091,0.088,1,0,-1.951771448199451,0.0016812255800137128
